{
  "project_info": {
    "project_number": "168690051295",
    "firebase_url": "https://autitrack-3770e-default-rtdb.asia-southeast1.firebasedatabase.app",
    "project_id": "autitrack-3770e",
    "storage_bucket": "autitrack-3770e.appspot.com"
  },
  "client": [
    {
      "client_info": {
        "mobilesdk_app_id": "1:168690051295:android:e6c9c5f9df38d49a60616a",
        "android_client_info": {
          "package_name": "com.example.project"
        }
      },
      "oauth_client": [],
      "api_key": [
        {
          "current_key": "AIzaSyD6BEoIKN-h-QRgikwVkFLjwjxLBqRTdM4"
        }
      ],
      "services": {
        "appinvite_service": {
          "other_platform_oauth_client": []
        }
      }
    },
    {
      "client_info": {
        "mobilesdk_app_id": "1:168690051295:android:ca527ff2085cb2fa60616a",
        "android_client_info": {
          "package_name": "com.example.workshop2_1"
        }
      },
      "oauth_client": [],
      "api_key": [
        {
          "current_key": "AIzaSyD6BEoIKN-h-QRgikwVkFLjwjxLBqRTdM4"
        }
      ],
      "services": {
        "appinvite_service": {
          "other_platform_oauth_client": []
        }
      }
    },
    {
      "client_info": {
        "mobilesdk_app_id": "1:168690051295:android:4df8e9e78712087960616a",
        "android_client_info": {
          "package_name": "com.example.workshop3"
        }
      },
      "oauth_client": [],
      "api_key": [
        {
          "current_key": "AIzaSyD6BEoIKN-h-QRgikwVkFLjwjxLBqRTdM4"
        }
      ],
      "services": {
        "appinvite_service": {
          "other_platform_oauth_client": []
        }
      }
    },
    {
      "client_info": {
        "mobilesdk_app_id": "1:168690051295:android:8f966055ff46a2f360616a",
        "android_client_info": {
          "package_name": "com.example.workshop_2"
        }
      },
      "oauth_client": [],
      "api_key": [
        {
          "current_key": "AIzaSyD6BEoIKN-h-QRgikwVkFLjwjxLBqRTdM4"
        }
      ],
      "services": {
        "appinvite_service": {
          "other_platform_oauth_client": []
        }
      }
    },
    {
      "client_info": {
        "mobilesdk_app_id": "1:168690051295:android:ff2e64253a4f9e8860616a",
        "android_client_info": {
          "package_name": "com.example.workshop_test"
        }
      },
      "oauth_client": [],
      "api_key": [
        {
          "current_key": "AIzaSyD6BEoIKN-h-QRgikwVkFLjwjxLBqRTdM4"
        }
      ],
      "services": {
        "appinvite_service": {
          "other_platform_oauth_client": []
        }
      }
    }
  ],
  "configuration_version": "1"
}